-- phpMyAdmin SQL Dump
-- version 3.5.2.2
-- http://www.phpmyadmin.net
--
-- Host: 127.0.0.1
-- Generation Time: Jul 09, 2020 at 02:25 PM
-- Server version: 5.5.27
-- PHP Version: 5.4.7

SET SQL_MODE="NO_AUTO_VALUE_ON_ZERO";
SET time_zone = "+00:00";


/*!40101 SET @OLD_CHARACTER_SET_CLIENT=@@CHARACTER_SET_CLIENT */;
/*!40101 SET @OLD_CHARACTER_SET_RESULTS=@@CHARACTER_SET_RESULTS */;
/*!40101 SET @OLD_COLLATION_CONNECTION=@@COLLATION_CONNECTION */;
/*!40101 SET NAMES utf8 */;

--
-- Database: `db`
--

-- --------------------------------------------------------

--
-- Table structure for table `login`
--

CREATE TABLE IF NOT EXISTS `login` (
  `id_login` int(11) NOT NULL AUTO_INCREMENT,
  `id` varchar(30) NOT NULL,
  `password` varchar(30) NOT NULL,
  PRIMARY KEY (`id_login`)
) ENGINE=InnoDB  DEFAULT CHARSET=latin1 AUTO_INCREMENT=2 ;

--
-- Dumping data for table `login`
--

INSERT INTO `login` (`id_login`, `id`, `password`) VALUES
(1, 'admin', 'admin');

-- --------------------------------------------------------

--
-- Table structure for table `nbc_atribut`
--

CREATE TABLE IF NOT EXISTS `nbc_atribut` (
  `id_atribut` tinyint(3) unsigned NOT NULL AUTO_INCREMENT,
  `atribut` varchar(100) NOT NULL,
  `bencost` varchar(20) NOT NULL,
  `bobot` float NOT NULL,
  PRIMARY KEY (`id_atribut`)
) ENGINE=MyISAM  DEFAULT CHARSET=latin1 AUTO_INCREMENT=256 ;

--
-- Dumping data for table `nbc_atribut`
--

INSERT INTO `nbc_atribut` (`id_atribut`, `atribut`, `bencost`, `bobot`) VALUES
(1, 'Ketentuan', '', 0),
(2, 'Jumlah Tanggungan', 'benefit', 5),
(3, 'Pendapatan', 'benefit', 15),
(4, 'Kepemilikan Rumah', 'benefit', 20),
(5, 'Material Lantai', 'benefit', 10),
(6, 'Material Dinding', 'benefit', 10),
(7, 'Luas Bangunan', 'benefit', 15),
(9, 'Jenis Transportasi', 'benefit', 20),
(8, 'Aset', 'benefit', 5);

-- --------------------------------------------------------

--
-- Table structure for table `nbc_data`
--

CREATE TABLE IF NOT EXISTS `nbc_data` (
  `id_data` int(11) unsigned NOT NULL AUTO_INCREMENT,
  `id_responden` tinyint(3) unsigned NOT NULL,
  `id_atribut` tinyint(3) unsigned NOT NULL,
  `id_parameter` tinyint(3) unsigned NOT NULL,
  PRIMARY KEY (`id_data`)
) ENGINE=MyISAM  DEFAULT CHARSET=latin1 AUTO_INCREMENT=1725 ;

--
-- Dumping data for table `nbc_data`
--

INSERT INTO `nbc_data` (`id_data`, `id_responden`, `id_atribut`, `id_parameter`) VALUES
(553, 4, 2, 2),
(552, 4, 9, 3),
(551, 4, 8, 4),
(550, 4, 7, 4),
(549, 4, 6, 2),
(548, 4, 5, 4),
(1221, 16, 3, 2),
(543, 178, 9, 4),
(1225, 16, 7, 2),
(1227, 16, 9, 1),
(540, 178, 6, 2),
(517, 78, 2, 3),
(516, 78, 9, 3),
(515, 78, 8, 4),
(514, 78, 7, 4),
(513, 78, 6, 2),
(512, 78, 5, 1),
(499, 176, 2, 2),
(498, 176, 9, 4),
(497, 176, 8, 4),
(496, 176, 7, 3),
(495, 176, 6, 2),
(494, 176, 5, 1),
(490, 33, 2, 4),
(489, 33, 9, 3),
(488, 33, 8, 3),
(487, 33, 7, 3),
(486, 33, 6, 2),
(485, 33, 5, 3),
(618, 35, 3, 2),
(617, 35, 1, 1),
(1156, 144, 2, 2),
(1155, 144, 9, 4),
(1154, 144, 8, 4),
(1153, 144, 7, 4),
(1152, 144, 6, 2),
(1151, 144, 5, 4),
(1150, 144, 4, 1),
(1149, 144, 3, 3),
(1148, 144, 1, 1),
(607, 84, 2, 3),
(606, 84, 9, 4),
(605, 84, 8, 4),
(604, 84, 7, 4),
(603, 84, 6, 2),
(602, 84, 5, 4),
(601, 84, 4, 1),
(599, 84, 1, 1),
(598, 126, 2, 1),
(597, 126, 9, 4),
(596, 126, 8, 4),
(595, 126, 7, 4),
(594, 126, 6, 4),
(593, 126, 5, 4),
(592, 126, 4, 4),
(591, 126, 3, 4),
(590, 126, 1, 1),
(588, 52, 9, 3),
(587, 52, 8, 4),
(583, 52, 4, 1),
(581, 52, 1, 1),
(580, 169, 2, 1),
(579, 169, 9, 4),
(578, 169, 8, 4),
(577, 169, 7, 4),
(576, 169, 6, 2),
(575, 169, 5, 4),
(574, 169, 4, 1),
(573, 169, 3, 3),
(572, 169, 1, 1),
(571, 43, 2, 3),
(570, 43, 9, 3),
(569, 43, 8, 4),
(568, 43, 7, 4),
(567, 43, 6, 2),
(566, 43, 5, 1),
(565, 43, 4, 2),
(564, 43, 3, 2),
(563, 43, 1, 1),
(562, 15, 2, 3),
(561, 15, 9, 2),
(560, 15, 8, 3),
(559, 15, 7, 4),
(558, 15, 6, 2),
(557, 15, 5, 4),
(556, 15, 4, 1),
(555, 15, 3, 2),
(554, 15, 1, 1),
(1220, 16, 1, 0),
(1222, 16, 4, 1),
(452, 178, 8, 4),
(1226, 16, 8, 4),
(448, 178, 4, 2),
(446, 178, 1, 1),
(508, 86, 2, 1),
(507, 86, 9, 4),
(506, 86, 8, 4),
(505, 86, 7, 3),
(504, 86, 6, 2),
(503, 86, 5, 3),
(502, 86, 4, 4),
(501, 86, 3, 4),
(500, 86, 1, 1),
(463, 12, 2, 2),
(462, 12, 9, 4),
(461, 12, 8, 4),
(460, 12, 7, 3),
(459, 12, 6, 2),
(458, 12, 5, 1),
(457, 12, 4, 1),
(456, 12, 3, 3),
(455, 12, 1, 1),
(436, 40, 2, 1),
(435, 40, 9, 4),
(434, 40, 8, 4),
(433, 40, 7, 3),
(432, 40, 6, 2),
(431, 40, 5, 4),
(430, 40, 4, 1),
(429, 40, 3, 3),
(428, 40, 1, 1),
(1203, 206, 3, 3),
(471, 200, 9, 4),
(470, 200, 8, 4),
(1208, 206, 8, 4),
(466, 200, 4, 2),
(464, 200, 1, 1),
(481, 69, 2, 2),
(480, 69, 9, 4),
(479, 69, 8, 3),
(478, 69, 7, 3),
(477, 69, 6, 2),
(476, 69, 5, 3),
(475, 69, 4, 1),
(474, 69, 3, 2),
(473, 69, 1, 1),
(531, 52, 6, 2),
(526, 177, 2, 4),
(525, 177, 9, 3),
(524, 177, 8, 4),
(523, 177, 7, 4),
(522, 177, 6, 2),
(521, 177, 5, 1),
(520, 177, 4, 1),
(519, 177, 3, 2),
(518, 177, 1, 1),
(1174, 25, 2, 1),
(1173, 25, 9, 4),
(1172, 25, 8, 4),
(1171, 25, 7, 3),
(1170, 25, 6, 2),
(1169, 25, 5, 4),
(1168, 25, 4, 1),
(1167, 25, 3, 3),
(1166, 25, 1, 1),
(1192, 71, 2, 1),
(1191, 71, 9, 4),
(1190, 71, 8, 4),
(1189, 71, 7, 4),
(1188, 71, 6, 2),
(1187, 71, 5, 4),
(1186, 71, 4, 1),
(1185, 71, 3, 3),
(1184, 71, 1, 1),
(484, 33, 4, 2),
(493, 176, 4, 4),
(511, 78, 4, 2),
(547, 4, 4, 4),
(483, 33, 3, 3),
(482, 33, 1, 1),
(492, 176, 3, 3),
(491, 176, 1, 1),
(510, 78, 3, 2),
(509, 78, 1, 1),
(537, 178, 3, 3),
(546, 4, 3, 2),
(545, 4, 1, 1),
(1552, 2, 2, 4),
(1551, 2, 9, 4),
(1550, 2, 8, 4),
(697, 156, 2, 2),
(696, 156, 9, 3),
(695, 156, 8, 3),
(694, 156, 7, 3),
(693, 156, 6, 2),
(692, 156, 5, 4),
(691, 156, 4, 1),
(690, 156, 3, 1),
(689, 156, 1, 1),
(688, 159, 2, 2),
(687, 159, 9, 3),
(686, 159, 8, 3),
(685, 159, 7, 3),
(684, 159, 6, 2),
(683, 159, 5, 1),
(682, 159, 4, 4),
(681, 159, 3, 3),
(680, 159, 1, 1),
(679, 60, 2, 1),
(678, 60, 9, 4),
(677, 60, 8, 4),
(676, 60, 7, 4),
(675, 60, 6, 2),
(674, 60, 5, 3),
(673, 60, 4, 2),
(672, 60, 3, 3),
(671, 60, 1, 1),
(670, 98, 2, 1),
(669, 98, 9, 4),
(668, 98, 8, 4),
(667, 98, 7, 3),
(666, 98, 6, 2),
(665, 98, 5, 2),
(664, 98, 4, 1),
(663, 98, 3, 4),
(662, 98, 1, 1),
(661, 153, 2, 4),
(660, 153, 9, 3),
(659, 153, 8, 4),
(658, 153, 7, 4),
(657, 153, 6, 2),
(656, 153, 5, 3),
(655, 153, 4, 1),
(654, 153, 3, 4),
(653, 153, 1, 1),
(652, 109, 2, 3),
(651, 109, 9, 4),
(650, 109, 8, 4),
(649, 109, 7, 3),
(648, 109, 6, 2),
(647, 109, 5, 3),
(646, 109, 4, 1),
(645, 109, 3, 3),
(644, 109, 1, 1),
(1202, 206, 1, 1),
(1205, 206, 5, 3),
(1206, 206, 6, 2),
(1209, 206, 9, 4),
(630, 200, 6, 2),
(1175, 20, 1, 1),
(1176, 20, 3, 2),
(623, 35, 8, 3),
(1178, 20, 5, 1),
(1179, 20, 6, 2),
(1180, 20, 7, 3),
(619, 35, 4, 1),
(1549, 2, 7, 4),
(1548, 2, 6, 2),
(1547, 2, 5, 4),
(1546, 2, 4, 1),
(1545, 2, 3, 4),
(1544, 2, 1, 1),
(707, 194, 1, 1),
(708, 194, 3, 3),
(709, 194, 4, 1),
(710, 194, 5, 1),
(711, 194, 6, 2),
(712, 194, 7, 3),
(713, 194, 8, 1),
(714, 194, 9, 3),
(715, 194, 2, 1),
(716, 66, 1, 1),
(717, 66, 3, 4),
(718, 66, 4, 1),
(719, 66, 5, 1),
(720, 66, 6, 2),
(721, 66, 7, 4),
(722, 66, 8, 4),
(723, 66, 9, 4),
(724, 66, 2, 1),
(725, 195, 1, 1),
(726, 195, 3, 3),
(727, 195, 4, 2),
(728, 195, 5, 3),
(729, 195, 6, 2),
(730, 195, 7, 3),
(731, 195, 8, 3),
(732, 195, 9, 3),
(733, 195, 2, 3),
(734, 129, 1, 1),
(735, 129, 3, 3),
(736, 129, 4, 1),
(737, 129, 5, 4),
(738, 129, 6, 2),
(739, 129, 7, 3),
(740, 129, 8, 4),
(741, 129, 9, 4),
(742, 129, 2, 4),
(743, 166, 1, 1),
(744, 166, 3, 3),
(745, 166, 4, 3),
(746, 166, 5, 4),
(747, 166, 6, 2),
(748, 166, 7, 4),
(749, 166, 8, 4),
(750, 166, 9, 3),
(751, 166, 2, 1),
(752, 111, 1, 1),
(753, 111, 3, 4),
(754, 111, 4, 1),
(755, 111, 5, 4),
(756, 111, 6, 2),
(757, 111, 7, 4),
(758, 111, 8, 4),
(759, 111, 9, 4),
(760, 111, 2, 4),
(761, 77, 1, 1),
(762, 77, 3, 3),
(763, 77, 4, 1),
(764, 77, 5, 1),
(765, 77, 6, 2),
(766, 77, 7, 3),
(767, 77, 8, 2),
(768, 77, 9, 3),
(769, 77, 2, 3),
(770, 59, 1, 1),
(771, 59, 3, 3),
(772, 59, 4, 1),
(773, 59, 5, 1),
(774, 59, 6, 2),
(775, 59, 7, 4),
(776, 59, 8, 2),
(777, 59, 9, 4),
(778, 59, 2, 3),
(779, 94, 1, 1),
(780, 94, 3, 3),
(781, 94, 4, 1),
(782, 94, 5, 1),
(783, 94, 6, 2),
(784, 94, 7, 4),
(785, 94, 8, 3),
(786, 94, 9, 3),
(787, 94, 2, 2),
(788, 143, 1, 1),
(789, 143, 3, 3),
(790, 143, 4, 1),
(791, 143, 5, 1),
(792, 143, 6, 2),
(793, 143, 7, 3),
(794, 143, 8, 3),
(795, 143, 9, 3),
(796, 143, 2, 4),
(797, 124, 1, 1),
(798, 124, 3, 4),
(799, 124, 4, 1),
(800, 124, 5, 3),
(801, 124, 6, 2),
(802, 124, 7, 3),
(803, 124, 8, 4),
(804, 124, 9, 4),
(805, 124, 2, 3),
(807, 200, 3, 3),
(809, 200, 5, 3),
(1210, 206, 2, 4),
(811, 200, 7, 3),
(1207, 206, 7, 3),
(1204, 206, 4, 2),
(814, 200, 2, 3),
(824, 1, 1, 1),
(825, 1, 3, 4),
(826, 1, 4, 1),
(827, 1, 5, 3),
(828, 1, 6, 2),
(829, 1, 7, 4),
(830, 1, 8, 4),
(831, 1, 9, 4),
(832, 1, 2, 2),
(833, 171, 1, 1),
(834, 171, 3, 4),
(835, 171, 4, 2),
(836, 171, 5, 3),
(837, 171, 6, 2),
(838, 171, 7, 3),
(839, 171, 8, 4),
(840, 171, 9, 4),
(841, 171, 2, 4),
(843, 84, 3, 2),
(851, 80, 1, 1),
(852, 80, 3, 4),
(853, 80, 4, 2),
(854, 80, 5, 4),
(855, 80, 6, 4),
(856, 80, 7, 4),
(857, 80, 8, 4),
(858, 80, 9, 4),
(859, 80, 2, 1),
(860, 122, 1, 1),
(861, 122, 3, 4),
(862, 122, 4, 1),
(863, 122, 5, 3),
(864, 122, 6, 2),
(865, 122, 7, 3),
(866, 122, 8, 4),
(867, 122, 9, 4),
(868, 122, 2, 1),
(872, 178, 5, 3),
(1228, 16, 2, 3),
(874, 178, 7, 3),
(1224, 16, 6, 2),
(1223, 16, 5, 2),
(877, 178, 2, 1),
(878, 92, 1, 0),
(879, 92, 3, 2),
(880, 92, 4, 1),
(881, 92, 5, 1),
(882, 92, 6, 2),
(883, 92, 7, 3),
(884, 92, 8, 2),
(885, 92, 9, 2),
(886, 92, 2, 2),
(896, 34, 1, 0),
(897, 34, 3, 2),
(898, 34, 4, 1),
(899, 34, 5, 1),
(900, 34, 6, 2),
(901, 34, 7, 3),
(902, 34, 8, 2),
(903, 34, 9, 2),
(904, 34, 2, 3),
(905, 90, 1, 0),
(906, 90, 3, 1),
(907, 90, 4, 1),
(908, 90, 5, 1),
(909, 90, 6, 2),
(910, 90, 7, 2),
(911, 90, 8, 1),
(912, 90, 9, 1),
(913, 90, 2, 4),
(914, 39, 1, 0),
(915, 39, 3, 1),
(916, 39, 4, 1),
(917, 39, 5, 1),
(918, 39, 6, 2),
(919, 39, 7, 3),
(920, 39, 8, 2),
(921, 39, 9, 1),
(922, 39, 2, 4),
(1183, 20, 2, 1),
(1182, 20, 9, 4),
(1181, 20, 8, 4),
(926, 35, 5, 4),
(927, 35, 6, 2),
(928, 35, 7, 4),
(1177, 20, 4, 1),
(930, 35, 9, 3),
(931, 35, 2, 1),
(932, 128, 1, 0),
(933, 128, 3, 2),
(934, 128, 4, 1),
(935, 128, 5, 1),
(936, 128, 6, 2),
(937, 128, 7, 3),
(938, 128, 8, 2),
(939, 128, 9, 2),
(940, 128, 2, 2),
(941, 58, 1, 0),
(942, 58, 3, 2),
(943, 58, 4, 1),
(944, 58, 5, 3),
(945, 58, 6, 2),
(946, 58, 7, 2),
(947, 58, 8, 2),
(948, 58, 9, 3),
(949, 58, 2, 1),
(950, 57, 1, 0),
(951, 57, 3, 2),
(952, 57, 4, 1),
(953, 57, 5, 1),
(954, 57, 6, 2),
(955, 57, 7, 3),
(956, 57, 8, 4),
(957, 57, 9, 3),
(958, 57, 2, 1),
(959, 106, 1, 0),
(960, 106, 3, 1),
(961, 106, 4, 4),
(962, 106, 5, 1),
(963, 106, 6, 2),
(964, 106, 7, 2),
(965, 106, 8, 1),
(966, 106, 9, 3),
(967, 106, 2, 3),
(968, 151, 1, 0),
(969, 151, 3, 1),
(970, 151, 4, 1),
(971, 151, 5, 2),
(972, 151, 6, 2),
(973, 151, 7, 2),
(974, 151, 8, 3),
(975, 151, 9, 3),
(976, 151, 2, 3),
(977, 150, 1, 0),
(978, 150, 3, 2),
(979, 150, 4, 1),
(980, 150, 5, 2),
(981, 150, 6, 2),
(982, 150, 7, 3),
(983, 150, 8, 4),
(984, 150, 9, 1),
(985, 150, 2, 1),
(986, 119, 1, 0),
(987, 119, 3, 1),
(988, 119, 4, 1),
(989, 119, 5, 1),
(990, 119, 6, 1),
(991, 119, 7, 2),
(992, 119, 8, 1),
(993, 119, 9, 1),
(994, 119, 2, 1),
(996, 52, 3, 2),
(998, 52, 5, 4),
(1000, 52, 7, 4),
(1003, 52, 2, 3),
(1004, 181, 1, 0),
(1005, 181, 3, 1),
(1006, 181, 4, 1),
(1007, 181, 5, 1),
(1008, 181, 6, 1),
(1009, 181, 7, 1),
(1010, 181, 8, 4),
(1011, 181, 9, 1),
(1012, 181, 2, 3),
(1013, 189, 1, 0),
(1014, 189, 3, 1),
(1015, 189, 4, 1),
(1016, 189, 5, 1),
(1017, 189, 6, 2),
(1018, 189, 7, 3),
(1019, 189, 8, 2),
(1020, 189, 9, 1),
(1021, 189, 2, 2),
(1022, 87, 1, 0),
(1023, 87, 3, 1),
(1024, 87, 4, 1),
(1025, 87, 5, 1),
(1026, 87, 6, 1),
(1027, 87, 7, 2),
(1028, 87, 8, 2),
(1029, 87, 9, 1),
(1030, 87, 2, 3),
(1031, 49, 1, 0),
(1032, 49, 3, 1),
(1033, 49, 4, 1),
(1034, 49, 5, 1),
(1035, 49, 6, 1),
(1036, 49, 7, 2),
(1037, 49, 8, 2),
(1038, 49, 9, 1),
(1039, 49, 2, 4),
(1040, 62, 1, 0),
(1041, 62, 3, 1),
(1042, 62, 4, 1),
(1043, 62, 5, 3),
(1044, 62, 6, 2),
(1045, 62, 7, 1),
(1046, 62, 8, 3),
(1047, 62, 9, 3),
(1048, 62, 2, 4),
(1049, 72, 1, 0),
(1050, 72, 3, 2),
(1051, 72, 4, 1),
(1052, 72, 5, 1),
(1053, 72, 6, 2),
(1054, 72, 7, 2),
(1055, 72, 8, 1),
(1056, 72, 9, 1),
(1057, 72, 2, 2),
(1058, 68, 1, 0),
(1059, 68, 3, 2),
(1060, 68, 4, 1),
(1061, 68, 5, 1),
(1062, 68, 6, 2),
(1063, 68, 7, 2),
(1064, 68, 8, 1),
(1065, 68, 9, 2),
(1066, 68, 2, 3),
(1085, 160, 1, 0),
(1086, 160, 3, 1),
(1087, 160, 4, 2),
(1088, 160, 5, 1),
(1089, 160, 6, 2),
(1090, 160, 7, 1),
(1091, 160, 8, 2),
(1092, 160, 9, 1),
(1093, 160, 2, 3),
(1094, 197, 1, 0),
(1095, 197, 3, 1),
(1096, 197, 4, 1),
(1097, 197, 5, 3),
(1098, 197, 6, 2),
(1099, 197, 7, 3),
(1100, 197, 8, 2),
(1101, 197, 9, 2),
(1102, 197, 2, 3),
(1147, 193, 2, 1),
(1146, 193, 9, 4),
(1145, 193, 8, 4),
(1144, 193, 7, 4),
(1143, 193, 6, 2),
(1142, 193, 5, 4),
(1141, 193, 4, 1),
(1140, 193, 3, 3),
(1139, 193, 1, 1),
(1112, 13, 1, 0),
(1113, 13, 3, 1),
(1114, 13, 4, 1),
(1115, 13, 5, 3),
(1116, 13, 6, 2),
(1117, 13, 7, 2),
(1118, 13, 8, 1),
(1119, 13, 9, 1),
(1120, 13, 2, 3),
(1121, 183, 1, 0),
(1122, 183, 3, 1),
(1123, 183, 4, 1),
(1124, 183, 5, 3),
(1125, 183, 6, 1),
(1126, 183, 7, 3),
(1127, 183, 8, 1),
(1128, 183, 9, 1),
(1129, 183, 2, 1),
(1130, 101, 1, 0),
(1131, 101, 3, 1),
(1132, 101, 4, 1),
(1133, 101, 5, 3),
(1134, 101, 6, 2),
(1135, 101, 7, 2),
(1136, 101, 8, 2),
(1137, 101, 9, 1),
(1138, 101, 2, 4),
(1238, 186, 1, 0),
(1239, 186, 3, 1),
(1240, 186, 4, 1),
(1241, 186, 5, 3),
(1242, 186, 6, 2),
(1243, 186, 7, 2),
(1244, 186, 8, 4),
(1245, 186, 9, 1),
(1246, 186, 2, 2),
(1301, 165, 1, 0),
(1302, 165, 3, 1),
(1303, 165, 4, 1),
(1304, 165, 5, 1),
(1305, 165, 6, 2),
(1306, 165, 7, 3),
(1307, 165, 8, 1),
(1308, 165, 9, 2),
(1309, 165, 2, 4),
(1319, 227, 1, 1),
(1320, 227, 3, 3),
(1321, 227, 4, 1),
(1322, 227, 5, 4),
(1323, 227, 6, 2),
(1324, 227, 7, 3),
(1325, 227, 8, 4),
(1326, 227, 9, 4),
(1327, 227, 2, 3),
(1328, 10, 1, 0),
(1329, 10, 3, 2),
(1330, 10, 4, 1),
(1331, 10, 5, 1),
(1332, 10, 6, 2),
(1333, 10, 7, 3),
(1334, 10, 8, 2),
(1335, 10, 9, 1),
(1336, 10, 2, 2),
(1364, 244, 1, 1),
(1365, 244, 3, 3),
(1366, 244, 4, 4),
(1367, 244, 5, 4),
(1368, 244, 6, 2),
(1369, 244, 7, 4),
(1370, 244, 8, 4),
(1371, 244, 9, 4),
(1372, 244, 2, 2),
(1373, 223, 1, 1),
(1374, 223, 3, 3),
(1375, 223, 4, 1),
(1376, 223, 5, 3),
(1377, 223, 6, 3),
(1378, 223, 7, 3),
(1379, 223, 8, 4),
(1380, 223, 9, 4),
(1381, 223, 2, 3),
(1382, 140, 1, 0),
(1383, 140, 3, 1),
(1384, 140, 4, 1),
(1385, 140, 5, 1),
(1386, 140, 6, 2),
(1387, 140, 7, 2),
(1388, 140, 8, 2),
(1389, 140, 9, 1),
(1390, 140, 2, 4),
(1391, 226, 1, 1),
(1392, 226, 3, 4),
(1393, 226, 4, 2),
(1394, 226, 5, 4),
(1395, 226, 6, 4),
(1396, 226, 7, 4),
(1397, 226, 8, 4),
(1398, 226, 9, 4),
(1399, 226, 2, 1),
(1445, 210, 1, 1),
(1446, 210, 3, 2),
(1447, 210, 4, 1),
(1448, 210, 5, 1),
(1449, 210, 6, 2),
(1450, 210, 7, 4),
(1451, 210, 8, 3),
(1452, 210, 9, 2),
(1453, 210, 2, 1),
(1454, 201, 1, 0),
(1455, 201, 3, 2),
(1456, 201, 4, 1),
(1457, 201, 5, 1),
(1458, 201, 6, 2),
(1459, 201, 7, 2),
(1460, 201, 8, 2),
(1461, 201, 9, 2),
(1462, 201, 2, 4),
(1508, 112, 1, 0),
(1509, 112, 3, 1),
(1510, 112, 4, 1),
(1511, 112, 5, 1),
(1512, 112, 6, 1),
(1513, 112, 7, 1),
(1514, 112, 8, 3),
(1515, 112, 9, 1),
(1516, 112, 2, 3);

-- --------------------------------------------------------

--
-- Table structure for table `nbc_data_test`
--

CREATE TABLE IF NOT EXISTS `nbc_data_test` (
  `id_data` int(11) NOT NULL AUTO_INCREMENT,
  `id_responden` tinyint(4) NOT NULL,
  `id_atribut` tinyint(4) NOT NULL,
  `id_parameter` tinyint(4) NOT NULL,
  PRIMARY KEY (`id_data`)
) ENGINE=InnoDB  DEFAULT CHARSET=latin1 AUTO_INCREMENT=829 ;

--
-- Dumping data for table `nbc_data_test`
--

INSERT INTO `nbc_data_test` (`id_data`, `id_responden`, `id_atribut`, `id_parameter`) VALUES
(586, 51, 1, 1),
(587, 51, 3, 2),
(588, 51, 4, 4),
(589, 51, 5, 2),
(590, 51, 6, 2),
(591, 51, 7, 3),
(592, 51, 8, 4),
(593, 51, 9, 3),
(594, 51, 2, 2),
(595, 62, 1, 0),
(596, 62, 3, 2),
(597, 62, 4, 1),
(598, 62, 5, 3),
(599, 62, 6, 2),
(600, 62, 7, 3),
(601, 62, 8, 3),
(602, 62, 9, 2),
(603, 62, 2, 2),
(613, 8, 1, 1),
(614, 8, 3, 2),
(615, 8, 4, 2),
(616, 8, 5, 3),
(617, 8, 6, 2),
(618, 8, 7, 3),
(619, 8, 8, 3),
(620, 8, 9, 2),
(621, 8, 2, 4),
(622, 88, 1, 1),
(623, 88, 2, 4),
(624, 88, 3, 4),
(625, 88, 4, 4),
(626, 88, 5, 4),
(627, 88, 6, 4),
(628, 88, 7, 4),
(629, 88, 8, 4),
(630, 88, 9, 4),
(631, 5, 1, 1),
(632, 5, 2, 1),
(633, 5, 3, 4),
(634, 5, 4, 4),
(635, 5, 5, 4),
(636, 5, 6, 4),
(637, 5, 7, 4),
(638, 5, 8, 4),
(639, 5, 9, 4),
(640, 10, 1, 1),
(641, 10, 2, 3),
(642, 10, 3, 4),
(643, 10, 4, 3),
(644, 10, 5, 4),
(645, 10, 6, 4),
(646, 10, 7, 4),
(647, 10, 8, 4),
(648, 10, 9, 4),
(649, 31, 1, 1),
(650, 31, 2, 4),
(651, 31, 3, 2),
(652, 31, 4, 1),
(653, 31, 5, 2),
(654, 31, 6, 4),
(655, 31, 7, 4),
(656, 31, 8, 4),
(657, 31, 9, 3),
(658, 28, 1, 0),
(659, 28, 2, 1),
(660, 28, 3, 2),
(661, 28, 4, 1),
(662, 28, 5, 1),
(663, 28, 6, 2),
(664, 28, 7, 1),
(665, 28, 8, 2),
(666, 28, 9, 1),
(667, 1, 1, 0),
(668, 1, 2, 1),
(669, 1, 3, 1),
(670, 1, 4, 1),
(671, 1, 5, 1),
(672, 1, 6, 1),
(673, 1, 7, 2),
(674, 1, 8, 2),
(675, 1, 9, 1),
(676, 17, 1, 1),
(677, 17, 2, 4),
(678, 17, 3, 4),
(679, 17, 4, 4),
(680, 17, 5, 4),
(681, 17, 6, 4),
(682, 17, 7, 4),
(683, 17, 8, 4),
(684, 17, 9, 4),
(685, 74, 1, 1),
(686, 74, 2, 4),
(687, 74, 3, 4),
(688, 74, 4, 4),
(689, 74, 5, 4),
(690, 74, 6, 4),
(691, 74, 7, 4),
(692, 74, 8, 4),
(693, 74, 9, 4),
(694, 34, 1, 1),
(695, 34, 2, 4),
(696, 34, 3, 4),
(697, 34, 4, 4),
(698, 34, 5, 4),
(699, 34, 6, 4),
(700, 34, 7, 4),
(701, 34, 8, 4),
(702, 34, 9, 4),
(703, 15, 1, 1),
(704, 15, 2, 4),
(705, 15, 3, 4),
(706, 15, 4, 4),
(707, 15, 5, 4),
(708, 15, 6, 4),
(709, 15, 7, 4),
(710, 15, 8, 4),
(711, 15, 9, 4),
(712, 13, 1, 1),
(713, 13, 2, 4),
(714, 13, 3, 4),
(715, 13, 4, 4),
(716, 13, 5, 4),
(717, 13, 6, 4),
(718, 13, 7, 4),
(719, 13, 8, 4),
(720, 13, 9, 4),
(721, 63, 1, 1),
(722, 63, 2, 4),
(723, 63, 3, 4),
(724, 63, 4, 4),
(725, 63, 5, 4),
(726, 63, 6, 4),
(727, 63, 7, 4),
(728, 63, 8, 4),
(729, 63, 9, 4),
(730, 26, 1, 1),
(731, 26, 2, 4),
(732, 26, 3, 4),
(733, 26, 4, 4),
(734, 26, 5, 4),
(735, 26, 6, 4),
(736, 26, 7, 4),
(737, 26, 8, 4),
(738, 26, 9, 4),
(739, 43, 1, 1),
(740, 43, 2, 4),
(741, 43, 3, 4),
(742, 43, 4, 4),
(743, 43, 5, 4),
(744, 43, 6, 4),
(745, 43, 7, 4),
(746, 43, 8, 4),
(747, 43, 9, 4),
(748, 97, 1, 0),
(749, 97, 2, 1),
(750, 97, 3, 1),
(751, 97, 4, 1),
(752, 97, 5, 1),
(753, 97, 6, 1),
(754, 97, 7, 1),
(755, 97, 8, 1),
(756, 97, 9, 1),
(757, 72, 1, 0),
(758, 72, 2, 1),
(759, 72, 3, 1),
(760, 72, 4, 1),
(761, 72, 5, 1),
(762, 72, 6, 1),
(763, 72, 7, 1),
(764, 72, 8, 1),
(765, 72, 9, 1),
(766, 56, 1, 0),
(767, 56, 2, 1),
(768, 56, 3, 1),
(769, 56, 4, 1),
(770, 56, 5, 1),
(771, 56, 6, 1),
(772, 56, 7, 1),
(773, 56, 8, 1),
(774, 56, 9, 1),
(775, 20, 1, 0),
(776, 20, 2, 1),
(777, 20, 3, 1),
(778, 20, 4, 1),
(779, 20, 5, 1),
(780, 20, 6, 1),
(781, 20, 7, 1),
(782, 20, 8, 1),
(783, 20, 9, 1),
(784, 66, 1, 0),
(785, 66, 2, 1),
(786, 66, 3, 1),
(787, 66, 4, 1),
(788, 66, 5, 1),
(789, 66, 6, 1),
(790, 66, 7, 1),
(791, 66, 8, 1),
(792, 66, 9, 1),
(793, 38, 1, 0),
(794, 38, 2, 1),
(795, 38, 3, 1),
(796, 38, 4, 1),
(797, 38, 5, 1),
(798, 38, 6, 1),
(799, 38, 7, 1),
(800, 38, 8, 1),
(801, 38, 9, 1),
(802, 54, 1, 0),
(803, 54, 2, 1),
(804, 54, 3, 1),
(805, 54, 4, 1),
(806, 54, 5, 1),
(807, 54, 6, 1),
(808, 54, 7, 1),
(809, 54, 8, 1),
(810, 54, 9, 1),
(811, 61, 1, 0),
(812, 61, 2, 1),
(813, 61, 3, 1),
(814, 61, 4, 1),
(815, 61, 5, 1),
(816, 61, 6, 1),
(817, 61, 7, 1),
(818, 61, 8, 1),
(819, 61, 9, 1),
(820, 22, 1, 0),
(821, 22, 2, 1),
(822, 22, 3, 1),
(823, 22, 4, 1),
(824, 22, 5, 1),
(825, 22, 6, 1),
(826, 22, 7, 1),
(827, 22, 8, 1),
(828, 22, 9, 1);

-- --------------------------------------------------------

--
-- Table structure for table `nbc_parameter`
--

CREATE TABLE IF NOT EXISTS `nbc_parameter` (
  `id_parameter` tinyint(3) unsigned NOT NULL AUTO_INCREMENT,
  `id_atribut` tinyint(3) unsigned NOT NULL,
  `nilai` tinyint(3) unsigned NOT NULL,
  `parameter` varchar(100) NOT NULL,
  PRIMARY KEY (`id_parameter`)
) ENGINE=MyISAM  DEFAULT CHARSET=latin1 AUTO_INCREMENT=48 ;

--
-- Dumping data for table `nbc_parameter`
--

INSERT INTO `nbc_parameter` (`id_parameter`, `id_atribut`, `nilai`, `parameter`) VALUES
(1, 1, 0, 'Tidak Layak'),
(2, 1, 1, 'Layak'),
(19, 3, 4, '< 400 ribu'),
(4, 3, 1, '> 1 juta'),
(5, 3, 2, '700-1 juta'),
(6, 3, 3, '400-700 ribu'),
(7, 4, 1, 'Milik Sendiri'),
(8, 4, 2, 'Milik Orang Tua'),
(9, 4, 3, 'Sewa < 1 juta'),
(10, 5, 1, 'Keramik'),
(11, 5, 2, 'Tegel'),
(12, 5, 3, 'Lantai Cor'),
(13, 6, 1, 'Tembok Kualitas Baik'),
(14, 6, 2, 'Tembok Biasa'),
(15, 6, 3, 'Papan Kayu Biasa'),
(16, 7, 1, '> 100 m2'),
(17, 7, 2, '75 - 100 m2'),
(18, 7, 3, '50 - 75 m'),
(20, 4, 4, 'Magersari'),
(21, 5, 4, 'Tanah'),
(22, 6, 4, 'Bambu'),
(23, 7, 4, '< 50 m2'),
(24, 8, 1, '>10 juta'),
(25, 8, 2, '5-10 juta'),
(26, 8, 3, '1-5 juta'),
(27, 8, 4, '< 1 juta'),
(28, 9, 1, 'Mobil'),
(29, 9, 2, 'Sepeda motor > 1'),
(30, 9, 3, 'Sepeda motor 1'),
(31, 9, 4, 'Sepeda motor sederhana'),
(32, 2, 1, ' < 3 orang'),
(33, 2, 2, '4 orang'),
(34, 2, 3, '5 orang'),
(35, 2, 4, '>6 orang');

-- --------------------------------------------------------

--
-- Table structure for table `nbc_responden`
--

CREATE TABLE IF NOT EXISTS `nbc_responden` (
  `id_responden` tinyint(3) unsigned NOT NULL AUTO_INCREMENT,
  `responden` varchar(50) DEFAULT NULL,
  PRIMARY KEY (`id_responden`)
) ENGINE=MyISAM  DEFAULT CHARSET=latin1 AUTO_INCREMENT=256 ;

--
-- Dumping data for table `nbc_responden`
--

INSERT INTO `nbc_responden` (`id_responden`, `responden`) VALUES
(78, 'Anik sudinah'),
(86, 'Sainem'),
(176, 'Sutiyem'),
(33, 'Sunarsih'),
(69, 'Sumini'),
(171, 'Suminem47'),
(1, 'Sumarwi'),
(2, 'tarni44'),
(124, 'Sikem'),
(143, 'Suparmi'),
(94, 'Warsini'),
(59, 'Suminem39'),
(77, 'Wiji lestari'),
(111, 'Samiyem'),
(166, 'Suparti'),
(129, 'Sulasmi35'),
(195, 'Sularni'),
(66, 'Suratmi33'),
(194, 'Wartini'),
(156, 'Sri harsini'),
(159, 'Suminem30'),
(60, 'Rustiyah'),
(98, 'Sulasmi28'),
(153, 'Suparni'),
(109, 'Tri winarsih'),
(35, 'Pariyem13'),
(144, 'Damiyati01'),
(84, 'Waginah'),
(126, 'Suminem20'),
(169, 'Narsowiyono'),
(43, 'Suyatmi'),
(15, 'Ngadiyem'),
(4, 'Wijiatun'),
(52, 'Pariyem23'),
(177, 'Saminem'),
(12, 'Sumiyem'),
(200, 'Sri partini'),
(178, 'Sri wahyuni04'),
(20, 'Sutini'),
(40, 'Pri marsini'),
(25, 'Tarni03'),
(80, 'Sukasni49'),
(122, 'Dewi '),
(92, 'Sutarni52'),
(34, 'jamiati'),
(90, 'Sri lestari55'),
(39, 'Etik'),
(128, 'Lilik'),
(58, 'Hartiningsih'),
(57, 'Gunarwi'),
(106, 'Romi'),
(151, 'Sumiyati'),
(150, 'Sukini63'),
(119, 'Sulastri'),
(181, 'Hajar riani'),
(189, 'Siti fatimah'),
(87, 'Fitri'),
(49, 'Indah'),
(62, 'Sumirah'),
(72, 'Yayuk'),
(68, 'Suratmi'),
(160, 'Dwi'),
(197, 'Tri'),
(13, 'Sri mulyani78'),
(183, 'Sri lestari79'),
(101, 'Dianah'),
(71, 'Wirowiyono'),
(206, 'Sumarmi'),
(16, 'Sumarsih74'),
(186, 'Harsini'),
(165, 'Sri 57'),
(227, 'Sutarmi'),
(10, 'Yuliani'),
(244, 'Sukarti'),
(223, 'Kasiyem'),
(140, 'Siti73'),
(226, 'Sukasni25'),
(210, 'puniyem'),
(201, 'Sunarti53'),
(112, 'Sunarni 77');

-- --------------------------------------------------------

--
-- Table structure for table `nbc_responden_test`
--

CREATE TABLE IF NOT EXISTS `nbc_responden_test` (
  `id_responden` tinyint(4) NOT NULL,
  `responden` varchar(50) NOT NULL,
  `alamat` varchar(99) NOT NULL,
  PRIMARY KEY (`id_responden`)
) ENGINE=InnoDB DEFAULT CHARSET=latin1;

--
-- Dumping data for table `nbc_responden_test`
--

INSERT INTO `nbc_responden_test` (`id_responden`, `responden`, `alamat`) VALUES
(1, '5', '1'),
(5, '2', '1'),
(8, 'warga84', 'ngawen'),
(10, '2', '1'),
(13, '16', '12'),
(15, '15', '12'),
(17, '12', '12'),
(20, '24', '12'),
(22, '29', '12'),
(26, '18', '12'),
(28, '4', '1'),
(31, '3', '1'),
(34, '14', '12'),
(38, '26', '12'),
(43, '19', '12'),
(51, 'warga81', 'mangunsari'),
(54, '27', '12'),
(56, '23', '12'),
(61, '28', '12'),
(62, 'warga82', 'sidomukti'),
(63, '17', '12'),
(66, '25', '12'),
(72, '22', '12'),
(74, '13', '12'),
(88, '1', '1'),
(97, '21', '12');

-- --------------------------------------------------------

--
-- Table structure for table `tampung`
--

CREATE TABLE IF NOT EXISTS `tampung` (
  `id_responden` int(11) NOT NULL,
  `layak` float NOT NULL,
  `tidak` float NOT NULL
) ENGINE=InnoDB DEFAULT CHARSET=latin1;

--
-- Dumping data for table `tampung`
--

INSERT INTO `tampung` (`id_responden`, `layak`, `tidak`) VALUES
(37, 0, 0);

/*!40101 SET CHARACTER_SET_CLIENT=@OLD_CHARACTER_SET_CLIENT */;
/*!40101 SET CHARACTER_SET_RESULTS=@OLD_CHARACTER_SET_RESULTS */;
/*!40101 SET COLLATION_CONNECTION=@OLD_COLLATION_CONNECTION */;
